/*
 Navicat Premium Data Transfer

 Source Server         : localhost
 Source Server Type    : MySQL
 Source Server Version : 80029
 Source Host           : localhost:3306
 Source Schema         : hibernate

 Target Server Type    : MySQL
 Target Server Version : 80029
 File Encoding         : 65001

 Date: 08/09/2022 11:17:38
*/

SET NAMES utf8mb4;
SET FOREIGN_KEY_CHECKS = 0;

-- ----------------------------
-- Table structure for CUSTOMER
-- ----------------------------
DROP TABLE IF EXISTS `CUSTOMER`;
CREATE TABLE `CUSTOMER`  (
  `CUSTOMER_ID` int(0) NOT NULL AUTO_INCREMENT,
  `CUSTOMER_NAME` varchar(255) CHARACTER SET utf8mb4 COLLATE utf8mb4_general_ci NULL DEFAULT NULL,
  PRIMARY KEY (`CUSTOMER_ID`) USING BTREE
) ENGINE = InnoDB AUTO_INCREMENT = 2 CHARACTER SET = utf8mb4 COLLATE = utf8mb4_general_ci ROW_FORMAT = Dynamic;

-- ----------------------------
-- Records of CUSTOMER
-- ----------------------------
INSERT INTO `CUSTOMER` VALUES (1, 'LJH');

-- ----------------------------
-- Table structure for CUSTOMER2
-- ----------------------------
DROP TABLE IF EXISTS `CUSTOMER2`;
CREATE TABLE `CUSTOMER2`  (
  `CUSTOMER_ID` int(0) NOT NULL AUTO_INCREMENT,
  `CUSTOMER_NAME` varchar(255) CHARACTER SET utf8mb4 COLLATE utf8mb4_general_ci NULL DEFAULT NULL,
  PRIMARY KEY (`CUSTOMER_ID`) USING BTREE
) ENGINE = InnoDB AUTO_INCREMENT = 3 CHARACTER SET = utf8mb4 COLLATE = utf8mb4_general_ci ROW_FORMAT = Dynamic;

-- ----------------------------
-- Records of CUSTOMER2
-- ----------------------------
INSERT INTO `CUSTOMER2` VALUES (1, 'LJH');
INSERT INTO `CUSTOMER2` VALUES (2, 'Van Rossum');

-- ----------------------------
-- Table structure for CUSTOMER3
-- ----------------------------
DROP TABLE IF EXISTS `CUSTOMER3`;
CREATE TABLE `CUSTOMER3`  (
  `CUSTOMER_ID` int(0) NOT NULL AUTO_INCREMENT,
  `CUSTOMER_NAME` varchar(255) CHARACTER SET utf8mb4 COLLATE utf8mb4_general_ci NULL DEFAULT NULL,
  PRIMARY KEY (`CUSTOMER_ID`) USING BTREE
) ENGINE = InnoDB AUTO_INCREMENT = 5 CHARACTER SET = utf8mb4 COLLATE = utf8mb4_general_ci ROW_FORMAT = Dynamic;

-- ----------------------------
-- Records of CUSTOMER3
-- ----------------------------
INSERT INTO `CUSTOMER3` VALUES (1, 'AA');
INSERT INTO `CUSTOMER3` VALUES (2, 'BB');
INSERT INTO `CUSTOMER3` VALUES (3, 'CC');
INSERT INTO `CUSTOMER3` VALUES (4, 'DD');

-- ----------------------------
-- Table structure for DEPARTMENT
-- ----------------------------
DROP TABLE IF EXISTS `DEPARTMENT`;
CREATE TABLE `DEPARTMENT`  (
  `DEPT_ID` int(0) NOT NULL AUTO_INCREMENT,
  `DEPT_NAME` varchar(255) CHARACTER SET utf8mb4 COLLATE utf8mb4_general_ci NULL DEFAULT NULL,
  `MGR_ID` int(0) NULL DEFAULT NULL,
  PRIMARY KEY (`DEPT_ID`) USING BTREE,
  UNIQUE INDEX `UK_hxcnjqu282dceadn2uqf7sc5`(`MGR_ID`) USING BTREE,
  CONSTRAINT `FKh0nupqefmu52d6n1ny0vq9g9k` FOREIGN KEY (`MGR_ID`) REFERENCES `MANAGER` (`MGR_ID`) ON DELETE RESTRICT ON UPDATE RESTRICT
) ENGINE = InnoDB AUTO_INCREMENT = 2 CHARACTER SET = utf8mb4 COLLATE = utf8mb4_general_ci ROW_FORMAT = Dynamic;

-- ----------------------------
-- Records of DEPARTMENT
-- ----------------------------
INSERT INTO `DEPARTMENT` VALUES (1, 'DEPT-A', 1);

-- ----------------------------
-- Table structure for DEPARTMENT2
-- ----------------------------
DROP TABLE IF EXISTS `DEPARTMENT2`;
CREATE TABLE `DEPARTMENT2`  (
  `DEPT_ID` int(0) NOT NULL,
  `DEPT_NAME` varchar(255) CHARACTER SET utf8mb4 COLLATE utf8mb4_general_ci NULL DEFAULT NULL,
  PRIMARY KEY (`DEPT_ID`) USING BTREE,
  CONSTRAINT `FKte7rptu87wacabjc76oopiu31` FOREIGN KEY (`DEPT_ID`) REFERENCES `MANAGER2` (`MGR_ID`) ON DELETE RESTRICT ON UPDATE RESTRICT
) ENGINE = InnoDB CHARACTER SET = utf8mb4 COLLATE = utf8mb4_general_ci ROW_FORMAT = Dynamic;

-- ----------------------------
-- Records of DEPARTMENT2
-- ----------------------------
INSERT INTO `DEPARTMENT2` VALUES (1, 'DEPT-B');

-- ----------------------------
-- Table structure for DEPARTMENT3
-- ----------------------------
DROP TABLE IF EXISTS `DEPARTMENT3`;
CREATE TABLE `DEPARTMENT3`  (
  `ID` int(0) NOT NULL AUTO_INCREMENT,
  `NAME` varchar(255) CHARACTER SET utf8mb4 COLLATE utf8mb4_general_ci NULL DEFAULT NULL,
  PRIMARY KEY (`ID`) USING BTREE
) ENGINE = InnoDB CHARACTER SET = utf8mb4 COLLATE = utf8mb4_general_ci ROW_FORMAT = Dynamic;

-- ----------------------------
-- Records of DEPARTMENT3
-- ----------------------------

-- ----------------------------
-- Table structure for EMPLOYEE3
-- ----------------------------
DROP TABLE IF EXISTS `EMPLOYEE3`;
CREATE TABLE `EMPLOYEE3`  (
  `ID` int(0) NOT NULL AUTO_INCREMENT,
  `NAME` varchar(255) CHARACTER SET utf8mb4 COLLATE utf8mb4_general_ci NULL DEFAULT NULL,
  `SALARY` float NULL DEFAULT NULL,
  `EMAIL` varchar(255) CHARACTER SET utf8mb4 COLLATE utf8mb4_general_ci NULL DEFAULT NULL,
  `DEPT_ID` int(0) NULL DEFAULT NULL,
  PRIMARY KEY (`ID`) USING BTREE,
  INDEX `FKgcjiwr1vdpq5781pa0e8c7uu7`(`DEPT_ID`) USING BTREE,
  CONSTRAINT `FKgcjiwr1vdpq5781pa0e8c7uu7` FOREIGN KEY (`DEPT_ID`) REFERENCES `DEPARTMENT3` (`ID`) ON DELETE RESTRICT ON UPDATE RESTRICT
) ENGINE = InnoDB AUTO_INCREMENT = 1 CHARACTER SET = utf8mb4 COLLATE = utf8mb4_general_ci ROW_FORMAT = Dynamic;

-- ----------------------------
-- Records of EMPLOYEE3
-- ----------------------------

-- ----------------------------
-- Table structure for MANAGER
-- ----------------------------
DROP TABLE IF EXISTS `MANAGER`;
CREATE TABLE `MANAGER`  (
  `MGR_ID` int(0) NOT NULL AUTO_INCREMENT,
  `MGR_NAME` varchar(255) CHARACTER SET utf8mb4 COLLATE utf8mb4_general_ci NULL DEFAULT NULL,
  PRIMARY KEY (`MGR_ID`) USING BTREE
) ENGINE = InnoDB AUTO_INCREMENT = 2 CHARACTER SET = utf8mb4 COLLATE = utf8mb4_general_ci ROW_FORMAT = Dynamic;

-- ----------------------------
-- Records of MANAGER
-- ----------------------------
INSERT INTO `MANAGER` VALUES (1, 'MGR-A');

-- ----------------------------
-- Table structure for MANAGER2
-- ----------------------------
DROP TABLE IF EXISTS `MANAGER2`;
CREATE TABLE `MANAGER2`  (
  `MGR_ID` int(0) NOT NULL AUTO_INCREMENT,
  `MGR_NAME` varchar(255) CHARACTER SET utf8mb4 COLLATE utf8mb4_general_ci NULL DEFAULT NULL,
  PRIMARY KEY (`MGR_ID`) USING BTREE
) ENGINE = InnoDB AUTO_INCREMENT = 2 CHARACTER SET = utf8mb4 COLLATE = utf8mb4_general_ci ROW_FORMAT = Dynamic;

-- ----------------------------
-- Records of MANAGER2
-- ----------------------------
INSERT INTO `MANAGER2` VALUES (1, 'MGR-B');

-- ----------------------------
-- Table structure for NEWS
-- ----------------------------
DROP TABLE IF EXISTS `NEWS`;
CREATE TABLE `NEWS`  (
  `ID` int(0) NOT NULL AUTO_INCREMENT,
  `TITLE` varchar(20) CHARACTER SET utf8mb4 COLLATE utf8mb4_general_ci NULL DEFAULT NULL,
  `AUTHOR` varchar(255) CHARACTER SET utf8mb4 COLLATE utf8mb4_general_ci NULL DEFAULT NULL,
  `DATE` date NULL DEFAULT NULL,
  `CONTENT` mediumtext CHARACTER SET utf8mb4 COLLATE utf8mb4_general_ci NULL,
  `IMAGE` mediumblob NULL,
  PRIMARY KEY (`ID`) USING BTREE,
  UNIQUE INDEX `UK_duq2gjdo5k53otrakypw0888b`(`TITLE`) USING BTREE,
  INDEX `news_index`(`TITLE`, `AUTHOR`) USING BTREE
) ENGINE = InnoDB AUTO_INCREMENT = 4 CHARACTER SET = utf8mb4 COLLATE = utf8mb4_general_ci ROW_FORMAT = Dynamic;

-- ----------------------------
-- Records of NEWS
-- ----------------------------
INSERT INTO `NEWS` VALUES (1, 'Java', 'LJH2', '2022-08-31', NULL, NULL);
INSERT INTO `NEWS` VALUES (2, 'Python', 'Van Rossum', '2022-09-01', NULL, NULL);
INSERT INTO `NEWS` VALUES (3, 'Go', 'Rob Pike', '2022-09-01', 'Go Go Go', 0x3C3F786D6C2076657273696F6E3D22312E302220656E636F64696E673D227574662D38223F3E0D0A3C212D2D2047656E657261746F723A2041646F626520496C6C7573747261746F722031362E302E312C20535647204578706F727420506C75672D496E202E205356472056657273696F6E3A20362E3030204275696C6420302920202D2D3E0D0A3C21444F435459504520737667205055424C494320222D2F2F5733432F2F4454442053564720312E312F2F454E222022687474703A2F2F7777772E77332E6F72672F47726170686963732F5356472F312E312F4454442F73766731312E647464223E0D0A3C7376672076657273696F6E3D22312E31222069643D224C617965725F312220786D6C6E733D22687474703A2F2F7777772E77332E6F72672F323030302F7376672220786D6C6E733A786C696E6B3D22687474703A2F2F7777772E77332E6F72672F313939392F786C696E6B2220783D223070782220793D22307078220D0A092077696474683D22363030707822206865696768743D223136307078222076696577426F783D2230203020363030203136302220656E61626C652D6261636B67726F756E643D226E65772030203020363030203136302220786D6C3A73706163653D227072657365727665223E0D0A3C673E0D0A093C673E0D0A09093C706F6C79676F6E2066696C6C3D22233539363636432220706F696E74733D2236322E3931312C36382E3732322034352E3336362C39392E3134332034352E3336362C39392E3134332032372E3833362C36382E3732322034352E3337332C33382E333437200909222F3E0D0A09093C706F6C79676F6E2066696C6C3D22234243414537392220706F696E74733D2238302E3435382C33382E3334382034352E3338332C33382E3334382036322E3932312C36382E3732332039382E3030352C36382E373232200909222F3E0D0A09093C706F6C79676F6E2066696C6C3D22233539363636432220706F696E74733D2238302E3434392C39392E3135372039372E3939332C36382E3733362039372E3939332C36382E373336203131352E3532332C39392E3135372039372E3938362C3132392E353332200909222F3E0D0A09093C706F6C79676F6E2066696C6C3D22234243414537392220706F696E74733D2236322E3930312C3132392E3532392039372E3937372C3132392E3532392038302E3433382C39392E3135342034352E3335342C39392E313537200909222F3E0D0A093C2F673E0D0A093C706F6C79676F6E2066696C6C3D22233539363636432220706F696E74733D223137392E3131332C39382E373035203137392E3131332C33382E373032203136392E3531342C33382E373032203136392E3531342C36332E353033203134312E3135362C36332E353033203134312E3135362C33382E373032200D0A09093133312E3436382C33382E373032203133312E3436382C39382E373035203134312E3135362C39382E373035203134312E3135362C37312E373731203136392E3531342C37312E373731203136392E3531342C39382E3730352009222F3E0D0A093C706F6C79676F6E2066696C6C3D22233539363636432220706F696E74733D223230362E3931382C39382E373035203230362E3931382C33382E373032203139372E3232382C33382E373032203139372E3232382C39382E3730352009222F3E0D0A093C706174682066696C6C3D22233539363636432220643D224D3236342E3933382C38302E353763302D362E3232332D332E3634342D31322E3137382D31312E3436372D31332E363838762D302E31373963362E3133342D322E3133342C31302E3232332D372E3535362C31302E3232332D31332E3638390D0A090963302D392E3234352D362E3735362D31342E3537382D31392E3832332D31342E353738632D372E3238392C302D31342E3133342C302E3137382D31382E3834362C302E3236377636302E30303363362E3636382C302E3038392C31322E3731322C302E3236372C31362E3335362C302E3236370D0A0909433235392E3738332C39382E3937332C3236342E3933382C38382E3339352C3236342E3933382C38302E35374C3236342E3933382C38302E35377A204D3235332E35362C35342E35323563302C362E3034342D342E37312C392E3638392D31332E3638382C392E3638390D0A0909632D322E3034352C302D332E3535362C302D352E3135352D302E3038395634362E33343763322E3331312D302E3038392C342E3838392D302E3137382C372E3535362D302E313738433235302E3830352C34362E3136392C3235332E35362C34392E3633362C3235332E35362C35342E3532350D0A09094C3235332E35362C35342E3532357A204D3235342E3731362C38302E37343863302C362E3034362D342E3137382C31302E3331322D31322E3937392C31302E333132632D332E3131312C302D352E3531312D302E31382D372E3032312D302E3434355637312E3530340D0A090963312E3333332D302E30392C342E3434332D302E30392C352E3432322D302E3039433234382E3538332C37312E3431342C3235342E3731362C37332E3930342C3235342E3731362C38302E3734384C3235342E3731362C38302E3734387A222F3E0D0A093C706F6C79676F6E2066696C6C3D22233539363636432220706F696E74733D223331302E3839342C39382E373035203331302E3839342C39302E343338203238382E3933382C39302E343338203238382E3933382C37312E373731203330392E3832372C37312E373731203330392E3832372C36332E383539200D0A09093238382E3933382C36332E383539203238382E3933382C34362E373931203331302E3839342C34362E373931203331302E3839342C33382E373032203237392E3234372C33382E373032203237392E3234372C39382E3730352009222F3E0D0A093C706174682066696C6C3D22233539363636432220643D224D3336362E3936362C39382E3730356C2D31352E3832322D32302E383931632D312E3531322D312E3935352D332E3337372D342E3236372D352E3036352D362E3463392E3737372D312E3036352C31362E3937392D372E3139392C31362E3937392D31362E380D0A090963302D31312E3931322D382E3533332D31362E3236382D32302E3937392D31362E323638632D362E3735362C302D31312E3733332C302E3038392D31362E3038392C302E3335357636302E30303368392E3638385637322E37343868302E3434346C31382E3636382C32352E393537483336362E3936360D0A09094C3336362E3936362C39382E3730357A204D3335322E3932322C35352E36383163302C352E3935362D342E3731312C392E3935362D31322E3533342C392E393536632D322E3133342C302D332E38322D302E3038392D342E3731312D302E3137385634362E3433360D0A090963312E3432332D302E3038392C332E3230312D302E3137382C352E3036362D302E313738433334382E3833332C34362E3235382C3335322E3932322C34392E3130332C3335322E3932322C35352E3638314C3335322E3932322C35352E3638317A222F3E0D0A093C706174682066696C6C3D22234243414537392220643D224D3432372E3536322C39382E3730355633382E373032682D392E3432355635362E343863302C382E3830312C302E32372C32312E36392C302E3632342C32382E3533360D0A0909632D322E3232332D342E3335362D342E3632322D392E3135372D372E3239312D31332E3630336C2D31392E3832312D33322E373132682D31322E3731347636302E30303368392E3432365637382E35323663302D382E3533342D302E3137392D32302E3731322D302E3533352D32362E3537390D0A090963312E3836372C342C342C382E3236372C362E3636392C31322E3632326C32302E3533332C33342E313336483432372E3536324C3432372E3536322C39382E3730357A222F3E0D0A093C706174682066696C6C3D22234243414537392220643D224D3439312E3633382C39382E3730354C3436392E38362C33382E373032682D31302E3735386C2D32312E35312C36302E30303368392E3737376C342E3632322D31332E3234366832342E3236386C342E3632322C31332E323436483439312E3633380D0A09094C3439312E3633382C39382E3730357A204D3437332E3638322C37372E373236483435342E34386C362E3735362D31382E35373863312E3135352D332E322C322E3133342D362E3438392C322E3735382D392E35313268302E3137370D0A090963302E3731312C332E3238392C312E35312C362E3133342C322E3636372C392E3234354C3437332E3638322C37372E3732364C3437332E3638322C37372E3732367A222F3E0D0A093C706F6C79676F6E2066696C6C3D22234243414537392220706F696E74733D223533322E3235322C34362E3838203533322E3235322C33382E373032203438392E3538332C33382E373032203438392E3538332C34362E3838203530362E3032392C34362E3838203530362E3032392C39382E373035200D0A09093531352E3731372C39382E373035203531352E3731372C34362E38382009222F3E0D0A093C706F6C79676F6E2066696C6C3D22234243414537392220706F696E74733D223537332E3932322C39382E373035203537332E3932322C39302E343338203535312E3936352C39302E343338203535312E3936352C37312E373731203537322E3835342C37312E373731203537322E3835342C36332E383539200D0A09093535312E3936352C36332E383539203535312E3936352C34362E373931203537332E3932322C34362E373931203537332E3932322C33382E373032203534322E3237342C33382E373032203534322E3237342C39382E3730352009222F3E0D0A3C2F673E0D0A3C2F7376673E0D0A);

-- ----------------------------
-- Table structure for ORDER
-- ----------------------------
DROP TABLE IF EXISTS `ORDER`;
CREATE TABLE `ORDER`  (
  `ORDER_ID` int(0) NOT NULL AUTO_INCREMENT,
  `ORDER_NAME` varchar(255) CHARACTER SET utf8mb4 COLLATE utf8mb4_general_ci NULL DEFAULT NULL,
  `CUSTOMER_ID` int(0) NULL DEFAULT NULL,
  PRIMARY KEY (`ORDER_ID`) USING BTREE,
  INDEX `FKflgddyesjyik2ro2p501yys8r`(`CUSTOMER_ID`) USING BTREE,
  CONSTRAINT `FKflgddyesjyik2ro2p501yys8r` FOREIGN KEY (`CUSTOMER_ID`) REFERENCES `CUSTOMER` (`CUSTOMER_ID`) ON DELETE RESTRICT ON UPDATE RESTRICT
) ENGINE = InnoDB AUTO_INCREMENT = 3 CHARACTER SET = utf8mb4 COLLATE = utf8mb4_general_ci ROW_FORMAT = Dynamic;

-- ----------------------------
-- Records of ORDER
-- ----------------------------
INSERT INTO `ORDER` VALUES (1, 'ORDER-1', 1);
INSERT INTO `ORDER` VALUES (2, 'ORDER-2', 1);

-- ----------------------------
-- Table structure for ORDER2
-- ----------------------------
DROP TABLE IF EXISTS `ORDER2`;
CREATE TABLE `ORDER2`  (
  `ORDER_ID` int(0) NOT NULL AUTO_INCREMENT,
  `ORDER_NAME` varchar(255) CHARACTER SET utf8mb4 COLLATE utf8mb4_general_ci NULL DEFAULT NULL,
  `CUSTOMER_ID` int(0) NULL DEFAULT NULL,
  PRIMARY KEY (`ORDER_ID`) USING BTREE,
  INDEX `FKe5gd7w74bwm5g7rss2b2fo58o`(`CUSTOMER_ID`) USING BTREE,
  CONSTRAINT `FKe5gd7w74bwm5g7rss2b2fo58o` FOREIGN KEY (`CUSTOMER_ID`) REFERENCES `CUSTOMER2` (`CUSTOMER_ID`) ON DELETE RESTRICT ON UPDATE RESTRICT
) ENGINE = InnoDB AUTO_INCREMENT = 5 CHARACTER SET = utf8mb4 COLLATE = utf8mb4_general_ci ROW_FORMAT = Dynamic;

-- ----------------------------
-- Records of ORDER2
-- ----------------------------
INSERT INTO `ORDER2` VALUES (3, 'ORDER-4', 2);
INSERT INTO `ORDER2` VALUES (4, 'ORDER-3', 2);

-- ----------------------------
-- Table structure for ORDER3
-- ----------------------------
DROP TABLE IF EXISTS `ORDER3`;
CREATE TABLE `ORDER3`  (
  `ORDER_ID` int(0) NOT NULL AUTO_INCREMENT,
  `ORDER_NAME` varchar(255) CHARACTER SET utf8mb4 COLLATE utf8mb4_general_ci NULL DEFAULT NULL,
  `CUSTOMER_ID` int(0) NULL DEFAULT NULL,
  PRIMARY KEY (`ORDER_ID`) USING BTREE,
  INDEX `FKl2les8x0uenpuskcm2aoemntc`(`CUSTOMER_ID`) USING BTREE,
  CONSTRAINT `FKl2les8x0uenpuskcm2aoemntc` FOREIGN KEY (`CUSTOMER_ID`) REFERENCES `CUSTOMER3` (`CUSTOMER_ID`) ON DELETE RESTRICT ON UPDATE RESTRICT
) ENGINE = InnoDB AUTO_INCREMENT = 11 CHARACTER SET = utf8mb4 COLLATE = utf8mb4_general_ci ROW_FORMAT = Dynamic;

-- ----------------------------
-- Records of ORDER3
-- ----------------------------
INSERT INTO `ORDER3` VALUES (1, 'aa', 1);
INSERT INTO `ORDER3` VALUES (2, 'bb', 1);
INSERT INTO `ORDER3` VALUES (3, 'cc', 1);
INSERT INTO `ORDER3` VALUES (4, 'dd', 2);
INSERT INTO `ORDER3` VALUES (5, 'ee', 2);
INSERT INTO `ORDER3` VALUES (6, 'ff', 2);
INSERT INTO `ORDER3` VALUES (7, 'gg', 3);
INSERT INTO `ORDER3` VALUES (8, 'hh', 3);
INSERT INTO `ORDER3` VALUES (9, 'ii', 3);
INSERT INTO `ORDER3` VALUES (10, 'jj', NULL);

-- ----------------------------
-- Table structure for PERSON
-- ----------------------------
DROP TABLE IF EXISTS `PERSON`;
CREATE TABLE `PERSON`  (
  `ID` int(0) NOT NULL AUTO_INCREMENT,
  `TYPE` varchar(255) CHARACTER SET utf8mb4 COLLATE utf8mb4_general_ci NOT NULL,
  `NAME` varchar(255) CHARACTER SET utf8mb4 COLLATE utf8mb4_general_ci NULL DEFAULT NULL,
  `AGE` int(0) NULL DEFAULT NULL,
  `COMPANY` varchar(255) CHARACTER SET utf8mb4 COLLATE utf8mb4_general_ci NULL DEFAULT NULL,
  PRIMARY KEY (`ID`) USING BTREE
) ENGINE = InnoDB AUTO_INCREMENT = 3 CHARACTER SET = utf8mb4 COLLATE = utf8mb4_general_ci ROW_FORMAT = Dynamic;

-- ----------------------------
-- Records of PERSON
-- ----------------------------
INSERT INTO `PERSON` VALUES (1, 'PERSON', 'LJH', 40, NULL);
INSERT INTO `PERSON` VALUES (2, 'STAFF', 'Van Rossum', 66, 'Microsoft');

-- ----------------------------
-- Table structure for PERSON2
-- ----------------------------
DROP TABLE IF EXISTS `PERSON2`;
CREATE TABLE `PERSON2`  (
  `ID` int(0) NOT NULL AUTO_INCREMENT,
  `NAME` varchar(255) CHARACTER SET utf8mb4 COLLATE utf8mb4_general_ci NULL DEFAULT NULL,
  `AGE` int(0) NULL DEFAULT NULL,
  PRIMARY KEY (`ID`) USING BTREE
) ENGINE = InnoDB AUTO_INCREMENT = 3 CHARACTER SET = utf8mb4 COLLATE = utf8mb4_general_ci ROW_FORMAT = Dynamic;

-- ----------------------------
-- Records of PERSON2
-- ----------------------------
INSERT INTO `PERSON2` VALUES (1, 'LJH', 40);
INSERT INTO `PERSON2` VALUES (2, 'Van Rossum', 66);

-- ----------------------------
-- Table structure for PERSON3
-- ----------------------------
DROP TABLE IF EXISTS `PERSON3`;
CREATE TABLE `PERSON3`  (
  `ID` int(0) NOT NULL,
  `NAME` varchar(255) CHARACTER SET utf8mb4 COLLATE utf8mb4_general_ci NULL DEFAULT NULL,
  `AGE` int(0) NULL DEFAULT NULL,
  PRIMARY KEY (`ID`) USING BTREE
) ENGINE = InnoDB CHARACTER SET = utf8mb4 COLLATE = utf8mb4_general_ci ROW_FORMAT = Dynamic;

-- ----------------------------
-- Records of PERSON3
-- ----------------------------
INSERT INTO `PERSON3` VALUES (1, 'LJH', 67);

-- ----------------------------
-- Table structure for STAFF2
-- ----------------------------
DROP TABLE IF EXISTS `STAFF2`;
CREATE TABLE `STAFF2`  (
  `STAFF_ID` int(0) NOT NULL,
  `COMPANY` varchar(255) CHARACTER SET utf8mb4 COLLATE utf8mb4_general_ci NULL DEFAULT NULL,
  PRIMARY KEY (`STAFF_ID`) USING BTREE,
  CONSTRAINT `FKl6wy75w5md33y21ymyamd067p` FOREIGN KEY (`STAFF_ID`) REFERENCES `PERSON2` (`ID`) ON DELETE RESTRICT ON UPDATE RESTRICT
) ENGINE = InnoDB CHARACTER SET = utf8mb4 COLLATE = utf8mb4_general_ci ROW_FORMAT = Dynamic;

-- ----------------------------
-- Records of STAFF2
-- ----------------------------
INSERT INTO `STAFF2` VALUES (2, 'Microsoft');

-- ----------------------------
-- Table structure for STAFF3
-- ----------------------------
DROP TABLE IF EXISTS `STAFF3`;
CREATE TABLE `STAFF3`  (
  `ID` int(0) NOT NULL,
  `NAME` varchar(255) CHARACTER SET utf8mb4 COLLATE utf8mb4_general_ci NULL DEFAULT NULL,
  `AGE` int(0) NULL DEFAULT NULL,
  `COMPANY` varchar(255) CHARACTER SET utf8mb4 COLLATE utf8mb4_general_ci NULL DEFAULT NULL,
  PRIMARY KEY (`ID`) USING BTREE
) ENGINE = InnoDB CHARACTER SET = utf8mb4 COLLATE = utf8mb4_general_ci ROW_FORMAT = Dynamic;

-- ----------------------------
-- Records of STAFF3
-- ----------------------------
INSERT INTO `STAFF3` VALUES (2, 'Van Rossum', 67, 'Microsoft');

-- ----------------------------
-- Table structure for STUDENT
-- ----------------------------
DROP TABLE IF EXISTS `STUDENT`;
CREATE TABLE `STUDENT`  (
  `ID` int(0) NOT NULL AUTO_INCREMENT,
  `NAME` varchar(255) CHARACTER SET utf8mb4 COLLATE utf8mb4_general_ci NULL DEFAULT NULL,
  PRIMARY KEY (`ID`) USING BTREE
) ENGINE = InnoDB AUTO_INCREMENT = 3 CHARACTER SET = utf8mb4 COLLATE = utf8mb4_general_ci ROW_FORMAT = Dynamic;

-- ----------------------------
-- Records of STUDENT
-- ----------------------------
INSERT INTO `STUDENT` VALUES (1, 'Tom');
INSERT INTO `STUDENT` VALUES (2, 'Mary');

-- ----------------------------
-- Table structure for STUDENT2
-- ----------------------------
DROP TABLE IF EXISTS `STUDENT2`;
CREATE TABLE `STUDENT2`  (
  `ID` int(0) NOT NULL AUTO_INCREMENT,
  `NAME` varchar(255) CHARACTER SET utf8mb4 COLLATE utf8mb4_general_ci NULL DEFAULT NULL,
  PRIMARY KEY (`ID`) USING BTREE
) ENGINE = InnoDB AUTO_INCREMENT = 3 CHARACTER SET = utf8mb4 COLLATE = utf8mb4_general_ci ROW_FORMAT = Dynamic;

-- ----------------------------
-- Records of STUDENT2
-- ----------------------------
INSERT INTO `STUDENT2` VALUES (1, 'Tom');
INSERT INTO `STUDENT2` VALUES (2, 'Mary');

-- ----------------------------
-- Table structure for TEACHER
-- ----------------------------
DROP TABLE IF EXISTS `TEACHER`;
CREATE TABLE `TEACHER`  (
  `ID` int(0) NOT NULL AUTO_INCREMENT,
  `NAME` varchar(255) CHARACTER SET utf8mb4 COLLATE utf8mb4_general_ci NULL DEFAULT NULL,
  PRIMARY KEY (`ID`) USING BTREE
) ENGINE = InnoDB AUTO_INCREMENT = 3 CHARACTER SET = utf8mb4 COLLATE = utf8mb4_general_ci ROW_FORMAT = Dynamic;

-- ----------------------------
-- Records of TEACHER
-- ----------------------------
INSERT INTO `TEACHER` VALUES (1, 'Jack');
INSERT INTO `TEACHER` VALUES (2, 'Rose');

-- ----------------------------
-- Table structure for TEACHER2
-- ----------------------------
DROP TABLE IF EXISTS `TEACHER2`;
CREATE TABLE `TEACHER2`  (
  `ID` int(0) NOT NULL AUTO_INCREMENT,
  `NAME` varchar(255) CHARACTER SET utf8mb4 COLLATE utf8mb4_general_ci NULL DEFAULT NULL,
  PRIMARY KEY (`ID`) USING BTREE
) ENGINE = InnoDB AUTO_INCREMENT = 3 CHARACTER SET = utf8mb4 COLLATE = utf8mb4_general_ci ROW_FORMAT = Dynamic;

-- ----------------------------
-- Records of TEACHER2
-- ----------------------------
INSERT INTO `TEACHER2` VALUES (1, 'Jack');
INSERT INTO `TEACHER2` VALUES (2, 'Rose');

-- ----------------------------
-- Table structure for TEACHER2_STUDENT2
-- ----------------------------
DROP TABLE IF EXISTS `TEACHER2_STUDENT2`;
CREATE TABLE `TEACHER2_STUDENT2`  (
  `T_ID` int(0) NOT NULL,
  `S_ID` int(0) NOT NULL,
  PRIMARY KEY (`T_ID`, `S_ID`) USING BTREE,
  INDEX `FK5jcib9g7m78wju46hrvr8a1il`(`S_ID`) USING BTREE,
  CONSTRAINT `FK5jcib9g7m78wju46hrvr8a1il` FOREIGN KEY (`S_ID`) REFERENCES `STUDENT2` (`ID`) ON DELETE RESTRICT ON UPDATE RESTRICT,
  CONSTRAINT `FKir1tk2ogxlcbyto74wx12dbkh` FOREIGN KEY (`T_ID`) REFERENCES `TEACHER2` (`ID`) ON DELETE RESTRICT ON UPDATE RESTRICT
) ENGINE = InnoDB CHARACTER SET = utf8mb4 COLLATE = utf8mb4_general_ci ROW_FORMAT = Dynamic;

-- ----------------------------
-- Records of TEACHER2_STUDENT2
-- ----------------------------
INSERT INTO `TEACHER2_STUDENT2` VALUES (1, 1);
INSERT INTO `TEACHER2_STUDENT2` VALUES (2, 1);
INSERT INTO `TEACHER2_STUDENT2` VALUES (1, 2);
INSERT INTO `TEACHER2_STUDENT2` VALUES (2, 2);

-- ----------------------------
-- Table structure for TEACHER_STUDENT
-- ----------------------------
DROP TABLE IF EXISTS `TEACHER_STUDENT`;
CREATE TABLE `TEACHER_STUDENT`  (
  `T_ID` int(0) NOT NULL,
  `S_ID` int(0) NOT NULL,
  PRIMARY KEY (`T_ID`, `S_ID`) USING BTREE,
  INDEX `FKk0atk4d84tx6d71tpx2fxb1ui`(`S_ID`) USING BTREE,
  CONSTRAINT `FKfs22d1rhna6goso1y957wvd0f` FOREIGN KEY (`T_ID`) REFERENCES `TEACHER` (`ID`) ON DELETE RESTRICT ON UPDATE RESTRICT,
  CONSTRAINT `FKk0atk4d84tx6d71tpx2fxb1ui` FOREIGN KEY (`S_ID`) REFERENCES `STUDENT` (`ID`) ON DELETE RESTRICT ON UPDATE RESTRICT
) ENGINE = InnoDB CHARACTER SET = utf8mb4 COLLATE = utf8mb4_general_ci ROW_FORMAT = Dynamic;

-- ----------------------------
-- Records of TEACHER_STUDENT
-- ----------------------------
INSERT INTO `TEACHER_STUDENT` VALUES (1, 1);
INSERT INTO `TEACHER_STUDENT` VALUES (2, 1);
INSERT INTO `TEACHER_STUDENT` VALUES (1, 2);
INSERT INTO `TEACHER_STUDENT` VALUES (2, 2);

-- ----------------------------
-- Table structure for WORKER
-- ----------------------------
DROP TABLE IF EXISTS `WORKER`;
CREATE TABLE `WORKER`  (
  `ID` int(0) NOT NULL AUTO_INCREMENT,
  `NAME` varchar(255) CHARACTER SET utf8mb4 COLLATE utf8mb4_general_ci NULL DEFAULT NULL,
  `MONTHLY_PAY` int(0) NULL DEFAULT NULL,
  `YEAR_PAY` int(0) NULL DEFAULT NULL,
  `VOCATION_WITH_PAY` int(0) NULL DEFAULT NULL,
  PRIMARY KEY (`ID`) USING BTREE
) ENGINE = InnoDB AUTO_INCREMENT = 2 CHARACTER SET = utf8mb4 COLLATE = utf8mb4_general_ci ROW_FORMAT = Dynamic;

-- ----------------------------
-- Records of WORKER
-- ----------------------------
INSERT INTO `WORKER` VALUES (1, 'LJH', 1000, 80000, 5);

SET FOREIGN_KEY_CHECKS = 1;
